Document Title,Authors,Publication Year,DOI,Abstract
Cross-check IEEE Xplore record 1,Anonymous Author,2025,10.0000/crosscheck.ieee.1,Review workflow record.
Cross-check IEEE Xplore record 2,Anonymous Author,2025,10.0000/crosscheck.ieee.2,Review workflow record.
Cross-check IEEE Xplore record 3,Anonymous Author,2025,10.0000/crosscheck.ieee.3,Review workflow record.
Cross-check IEEE Xplore record 4,Anonymous Author,2025,10.0000/crosscheck.ieee.4,Review workflow record.
Cross-check IEEE Xplore record 5,Anonymous Author,2025,10.0000/crosscheck.ieee.5,Review workflow record.
Cross-check IEEE Xplore record 6,Anonymous Author,2025,10.0000/crosscheck.ieee.6,Review workflow record.
Cross-check IEEE Xplore record 7,Anonymous Author,2025,10.0000/crosscheck.ieee.7,Review workflow record.
Cross-check IEEE Xplore record 8,Anonymous Author,2025,10.0000/crosscheck.ieee.8,Review workflow record.
Cross-check IEEE Xplore record 9,Anonymous Author,2025,10.0000/crosscheck.ieee.9,Review workflow record.
Cross-check IEEE Xplore record 10,Anonymous Author,2025,10.0000/crosscheck.ieee.10,Review workflow record.
